id,name,last_name
fcde7de3-5fdb-4ecc-96b2-a60301d4522e,user_1,last_name1
e121fb37-8415-4834-aa2a-06d7a337bd1d,user_2,last_name2
e6203bc4-2695-4d07-a8b7-7e755361073b,user_3,last_name3
94fd22a0-39f3-4224-88ef-fda93a7f1084,user_4,last_name4
2f600b43-2fec-4b01-a2d9-f806e57da2de,user_5,last_name5
f8fe63ef-4c8d-49af-be5f-1908dff677a4,user_6,last_name6
199f7692-c08c-417c-b169-354bf3f6d9b9,user_7,last_name7
d9e544fa-b6c1-41b8-a81d-49e0650db513,user_8,last_name8
1db40869-79fc-46b1-aa9e-c78e953be7f2,user_9,last_name9
d7864240-5c1d-438d-a44a-0b59670e7954,user_10,last_name10
